CASADO,VIVECTAL,EDUCMAMA,IQ,TESTWORK,AGE,EDUC,EXPER,TIEMPOULTTRAB,LNSAL
0,1,8,93,35,19,12,0.462000012397766,0,5.90000009536743
0,1,14,119,41,23,16,0,2,5.43800020217896
0,1,14,108,46,20,14,0.423000007867813,1,5.71000003814697
0,1,12,96,32,18,12,0.333000004291534,1,5.48099994659424
1,1,6,74,27,26,9,9.01299953460693,3,5.92700004577637
0,1,8,91,24,16,9,0.333000004291534,1,4.80399990081787
1,1,8,114,50,30,18,1.20500004291534,6,6.51200008392334
1,0,14,111,37,23,15,1.25,1,5.80800008773804
1,1,12,95,44,22,12,2.04800009727478,2,5.73699998855591
1,0,13,132,44,30,18,1.37199997901917,5,6.38199996948242
1,0,16,102,45,22,14,0,1,5.74300003051758
0,0,12,125,40,20,14,0.365000009536743,1,6.21500015258789
0,1,10,119,24,20,16,0.689999997615814,0,5.25699996948242
1,1,12,118,47,26,16,2.38899993896484,0,6.61999988555908
1,1,6,105,37,21,10,4.37799978256226,2,5.71400022506714
0,1,12,109,39,22,12,0,2,5.59499979019165
1,1,10,72,36,29,11,8.78699970245361,1,5.80800008773804
0,1,12,105,29,21,12,0,0,5.90000009536743
0,1,8,101,34,18,11,0.377999991178513,1,5.2979998588562
0,1,12,123,37,21,12,1.78600001335144,3,5.78399991989136
1,1,12,113,49,26,16,0.469999998807907,7,6.22499990463257
0,1,10,95,36,24,12,0.294999986886978,1,5.74300003051758
1,0,12,145,50,29,16,8.34099960327148,4,6.86899995803833
0,1,11,114,35,21,16,1,1,6.12200021743774
0,1,16,124,32,21,16,1.44700002670288,2,6.23999977111816
1,1,12,93,40,21,12,2.37800002098084,2,5.15299987792969
1,1,8,115,39,27,18,4.44999980926514,0,6.56899976730347
1,1,13,125,41,26,17,2.35800004005432,6,6.35799980163574
0,1,16,128,35,28,18,0.897000014781952,5,6.13600015640259
1,1,8,103,40,25,12,6.76800012588501,1,5.92700004577637
0,1,12,98,41,21,14,2.37800002098084,3,6.21500015258789
0,1,12,108,41,18,13,0,1,5.52099990844727
0,0,18,129,40,27,18,0,1,6.01599979400635
1,1,17,132,42,24,16,1.47500002384186,2,6.35799980163574
0,1,8,92,24,19,13,0,2,5.52099990844727
1,1,15,106,35,20,13,0,1,6.14799976348877
1,1,13,105,37,21,16,2.26900005340576,0,5.85799980163574
1,1,12,123,46,25,17,0,3,6.32399988174438
1,1,8,108,48,24,12,6.33300018310547,2,5.75299978256226
0,1,12,122,47,23,16,0.469999998807907,1,6.23600006103516
1,1,12,109,44,24,12,1.71200001239777,1,5.99100017547607
1,1,10,100,40,26,12,0,3,5.62799978256226
1,1,14,125,50,23,18,0.795000016689301,1,6.09100008010864
0,1,12,122,41,27,14,1.86899995803833,7,6.10900020599365
1,1,12,105,34,21,16,0,2,5.44199991226196
0,1,12,94,37,22,16,0.423000007867813,1,5.55299997329712
1,1,12,102,36,20,12,2.16700005531311,3,5.61700010299683
0,1,12,109,47,30,12,6.53299999237061,4,6.17600011825562
1,1,12,105,45,24,12,8.10099983215332,2,5.7039999961853
1,1,12,134,46,28,18,0.906000018119812,1,5.54500007629395
0,1,12,108,32,17,12,0.922999978065491,0,5.38399982452393
1,1,12,104,36,22,16,2.44199991226196,1,5.88899993896484
1,1,12,112,35,18,12,0.462000012397766,1,5.16499996185303
0,1,11,120,49,23,18,0,3,5.62799978256226
0,1,17,124,40,22,16,1.18900001049042,1,5.33799982070923
0,1,12,103,34,17,12,0.462000012397766,1,5.30800008773804
0,1,12,115,45,22,16,0,0,5.74599981307983
1,1,6,96,33,21,12,3.33299994468689,1,5.57200002670288
1,1,12,123,48,26,17,0.88400000333786,4,5.62400007247925
0,1,12,98,34,17,12,0.377999991178513,3,5.16499996185303
1,1,12,96,34,21,12,4.33300018310547,1,5.63500022888184
1,1,12,89,47,25,12,5,5,5.85799980163574
0,1,9,93,20,18,12,0.374000012874603,1,5.23600006103516
0,1,12,82,32,19,12,1.91600000858307,1,5.52099990844727
1,1,12,120,45,27,15,1.37800002098084,2,6.55100011825562
1,1,12,122,38,23,12,5.32399988174438,6,6.06400012969971
1,1,12,117,48,25,18,1.46700000762939,2,6.72900009155273
1,1,8,109,44,28,16,1.61899995803833,5,6.38899993896484
1,1,12,114,55,27,17,1.46200001239777,1,6.35799980163574
1,1,12,126,40,21,16,0.551999986171722,1,6.22499990463257
0,1,11,82,45,21,12,0,3,5.2979998588562
0,1,12,119,45,21,16,0.941999971866608,1,5.96600008010864
1,1,12,104,37,23,16,0,1,5.89699983596802
1,1,12,97,45,22,12,3.46099996566772,1,5.58300018310547
0,1,14,105,27,22,14,0.221000000834465,1,5.52099990844727
0,1,7,100,32,18,12,2.25,1,5.76200008392334
1,1,12,114,41,18,12,0,1,5.37099981307983
1,1,8,96,48,23,11,1.58299994468689,2,5.74300003051758
0,1,12,113,30,21,15,2.68199992179871,1,6.35799980163574
0,1,14,106,38,22,10,3.33299994468689,1,5.48099994659424
1,1,8,104,37,21,13,0.128000006079674,4,5.74300003051758
0,1,12,104,30,22,12,0,0,6.10900020599365
0,1,16,122,36,20,12,0.381000012159348,1,5.2979998588562
0,1,12,96,38,20,12,0,3,5.41599988937378
0,1,16,95,51,25,15,2.30800008773804,0,5.84600019454956
0,1,16,105,24,20,12,0,1,5.82299995422363
1,1,12,91,41,25,17,1.17799997329712,2,6.68499994277954
1,1,12,96,37,22,16,0.753000020980835,1,5.4210000038147
0,1,9,111,44,19,14,0.377999991178513,1,5.37099981307983
0,1,9,110,35,19,14,0,1,5.52099990844727
0,1,9,97,37,21,16,4.53299999237061,0,5.99100017547607
0,1,8,125,44,27,17,0,4,6.60900020599365
0,0,9,91,39,22,12,0,3,5.73000001907349
0,0,8,86,28,23,11,3.2590000629425,1,5.69999980926514
1,1,9,110,32,21,12,3.33299994468689,2,5.50500011444092
1,0,12,92,47,22,14,2.33299994468689,1,5.55700016021729
1,0,9,85,41,24,10,1.37800002098084,2,5.37099981307983
1,0,8,120,36,26,17,0.358000010251999,1,6.43800020217896
1,1,12,106,42,25,12,6.88600015640259,0,6.30999994277954
0,0,12,112,41,21,16,0.236000001430511,1,5.73000001907349
1,1,10,91,39,24,10,0,1,6.15299987792969
1,1,10,90,42,24,12,2.64499998092651,3,5.99100017547607
0,0,12,113,27,17,12,0.096000000834465,1,5.07499980926514
1,1,12,111,51,24,12,0,2,5.82299995422363
0,1,12,111,30,20,12,2.37800002098084,1,5.19799995422363
0,1,8,106,32,18,12,0.451999992132187,1,5.01100015640259
0,0,12,98,28,18,12,0.231000006198883,1,5.16499996185303
0,0,12,105,28,18,12,0,1,5.49700021743774
1,0,10,105,29,19,10,0.977999985218048,1,5.60200023651123
1,1,12,118,44,22,13,0,4,6.18200016021729
1,1,12,90,38,22,12,4.66699981689453,5,5.81699991226196
0,1,9,95,34,19,12,0.981000006198883,3,5.05600023269653
1,1,12,112,24,20,13,0.41100001335144,3,6.05900001525879
1,1,12,120,39,23,12,0.402999997138977,2,5.99100017547607
0,1,12,123,41,17,12,0.377999991178513,1,5.16499996185303
0,1,16,103,32,20,12,0.782000005245209,1,6.05900001525879
1,1,16,121,40,25,18,0.896000027656555,1,6.43800020217896
1,1,12,90,44,26,16,0,4,6.06799983978271
0,1,12,125,32,20,12,2.65199995040894,1,5.56099987030029
0,1,9,109,34,24,18,3.18600010871887,0,6.32399988174438
0,1,10,128,46,21,16,0.404000014066696,1,6.07499980926514
0,1,12,97,35,17,12,0.333000004291534,1,5.82000017166138
1,1,12,96,35,19,12,0,1,5.2979998588562
0,1,12,97,44,16,12,0.768999993801117,1,5.36600017547607
1,1,7,112,39,25,12,4.9850001335144,1,6.33300018310547
1,1,2,88,32,24,12,4,1,5.25699996948242
1,1,14,97,39,22,12,1.14199995994568,2,5.85799980163574
1,1,6,101,41,22,12,0,2,5.52099990844727
1,1,7,106,42,21,10,5.33300018310547,1,5.43800020217896
0,1,8,59,28,26,10,6.32100009918213,0,5.2979998588562
1,1,12,105,54,26,18,0.372000008821487,6,6.23400020599365
0,1,12,119,30,21,16,0,1,5.56500005722046
0,1,8,93,36,24,11,4.40299987792969,3,5.61700010299683
1,1,12,82,38,22,12,4.71700000762939,5,5.56099987030029
0,1,16,134,45,25,18,0,1,6.07100009918213
0,1,8,84,29,20,12,0.395000010728836,1,6.21500015258789
0,1,12,98,36,20,11,2.96199989318848,3,5.7039999961853
0,1,13,118,41,22,16,4.05700016021729,1,5.6560001373291
1,1,12,113,50,25,17,3.71199989318848,2,5.83799982070923
0,1,9,100,18,18,12,1.30799996852875,1,5.2979998588562
0,1,12,93,27,18,12,0,2,5.48899984359741
1,1,12,119,30,23,16,0,1,6.02799987792969
0,1,12,106,38,22,14,0.388999998569489,2,5.52099990844727
0,1,10,127,49,28,17,2.37800002098084,6,6.76300001144409
0,1,12,113,35,21,15,0.731000006198883,1,6.21500015258789
0,1,12,115,36,19,13,0.395000010728836,1,5.83799982070923
0,1,12,102,40,23,16,1.00499999523163,3,6.29699993133545
1,1,12,117,51,21,16,0.462000012397766,1,6.125
0,1,10,125,34,20,16,0.204999998211861,0,5.63500022888184
1,1,8,118,47,23,16,2.16700005531311,3,5.83799982070923
1,1,12,121,40,29,18,4.97100019454956,1,6.64499998092651
1,1,12,115,51,26,17,0,4,6.35799980163574
1,1,12,120,44,27,13,2.46199989318848,7,6.28000020980835
1,1,11,109,43,24,12,5.13100004196167,4,5.86899995803833
0,1,12,109,28,17,12,0,1,5.16499996185303
1,0,12,85,50,29,12,10.0769996643066,2,6.11999988555908
0,1,11,106,32,21,14,1.53799998760223,2,5.6729998588562
1,1,10,101,30,17,12,0.377999991178513,1,5.01100015640259
0,1,12,116,40,17,12,0,1,5.52899980545044
0,1,7,91,24,18,12,0.962000012397766,1,4.94199991226196
0,1,11,91,28,20,12,0.333000004291534,3,4.91300010681152
0,1,7,110,34,20,9,0,1,5.41599988937378
1,1,7,75,33,24,12,6.69999980926514,0,5.16499996185303
0,1,12,94,17,20,12,0.96399998664856,1,5.07499980926514
0,1,12,109,27,20,13,1.58399999141693,1,6.02099990844727
1,0,8,122,38,22,16,0.874000012874603,1,5.70699977874756
0,1,11,102,26,23,12,0,2,5.2979998588562
1,1,8,122,38,23,14,2.68899989128113,1,5.58300018310547
1,1,10,105,38,23,12,4.37799978256226,2,5.58699989318848
0,1,9,113,37,22,12,2,2,5.49300003051758
1,1,8,104,34,22,12,3.93199992179871,0,5.87200021743774
1,1,9,124,43,26,16,0.377000004053116,6,6.17600011825562
0,0,12,110,31,19,12,1.21800005435944,1,5.19299983978271
0,1,12,95,37,19,12,1.83299994468689,1,5.52099990844727
1,0,18,120,39,24,16,1.42200005054474,2,6.125
0,0,12,105,39,24,12,4.96400022506714,1,5.26300001144409
0,0,12,121,30,20,16,0.48199999332428,0,5.88899993896484
1,1,8,96,42,26,12,0,7,6.58599996566772
0,0,9,110,26,18,12,2.13599991798401,1,5.52899980545044
0,0,12,92,32,18,12,0,1,5.16499996185303
1,1,9,98,34,29,12,7.99100017547607,4,6.07100009918213
1,1,11,109,43,23,15,0.846000015735626,1,5.75899982452393
0,1,11,118,44,23,17,0.331000000238419,1,5.99900007247925
1,1,14,97,42,23,16,0,3,5.87200021743774
1,1,16,95,42,28,17,0,2,6.09100008010864
1,1,10,99,40,26,12,1.86600005626678,3,6.17600011825562
1,0,10,106,31,18,12,0.377999991178513,1,5.54099988937378
0,1,12,117,33,18,12,0.962000012397766,1,5.46000003814697
1,0,12,90,47,23,12,6.37799978256226,7,5.52099990844727
0,1,12,95,44,21,12,4.5,1,5.20900011062622
0,1,12,115,43,18,12,1.33299994468689,1,5.45499992370605
0,1,12,106,40,22,14,1.50300002098084,5,5.63500022888184
0,0,8,114,26,18,12,0,1,5.2979998588562
0,0,12,92,34,20,12,0.717000007629395,2,5.79300022125244
1,0,13,119,36,23,16,1.70799994468689,2,6.30600023269653
0,0,13,85,32,20,13,0.677999973297119,1,4.92700004577637
0,0,12,98,34,21,16,0.36599999666214,1,5.85799980163574
1,0,12,114,30,20,12,1.45799994468689,3,5.58699989318848
1,0,8,84,42,23,18,0.377999991178513,1,5.01100015640259
1,0,16,108,42,19,13,0.333000004291534,1,5.15299987792969
1,0,8,107,32,20,12,4.06699991226196,1,5.40299987792969
1,0,16,84,35,24,12,3.21199989318848,3,5.45100021362305
1,0,10,86,22,18,12,0.377999991178513,2,5.16499996185303
0,0,10,88,27,21,12,3.37800002098084,4,5.54099988937378
1,1,12,117,45,23,16,0.875999987125397,1,6.13600015640259
0,1,12,110,42,22,16,5.76800012588501,2,6.19199991226196
1,1,9,104,32,24,12,4.89799976348877,1,6.61999988555908
0,1,9,110,26,19,13,0,3,5.67000007629395
1,1,11,99,33,22,16,3.12100005149841,1,5.95100021362305
0,1,12,117,31,18,12,0,1,5.67000007629395
1,0,8,85,39,23,16,0,1,5.71000003814697
1,0,11,114,36,21,16,4.19099998474121,0,5.84600019454956
1,0,12,107,30,21,15,0,5,5.69000005722046
1,1,12,117,41,26,18,0.628000020980835,1,6.40199995040894
1,1,16,112,47,30,18,2.3970000743866,3,6.64499998092651
1,1,14,106,46,28,18,1.01300001144409,1,6.42199993133545
0,1,12,116,38,21,14,0,1,5.84600019454956
0,1,8,123,44,21,14,0,3,5.95300006866455
0,1,8,118,40,21,16,0.377999991178513,1,6.07100009918213
1,1,12,103,29,23,12,0,1,6.5
1,1,8,114,40,23,12,5.33300018310547,2,5.64900016784668
1,1,12,102,36,21,12,4.27299976348877,5,5.09999990463257
0,1,6,104,36,22,12,4.73299980163574,1,5.59800004959106
0,1,14,112,43,19,14,0.377999991178513,1,5.56099987030029
0,1,12,107,39,18,12,0.345999985933304,1,5.69399976730347
1,1,12,117,36,25,13,4.93300008773804,3,5.87200021743774
1,1,12,96,42,19,12,0,2,5.2979998588562
0,1,8,97,27,18,12,0.354000002145767,1,5.91400003433228
0,1,8,99,29,19,10,2.62800002098084,1,5.39400005340576
0,1,8,126,44,21,14,0.906000018119812,3,5.78399991989136
0,1,12,109,49,25,17,0.981000006198883,1,5.88600015640259
0,1,12,119,48,21,16,0.0579999983310699,0,4.94199991226196
1,1,12,102,38,21,16,3.14299988746643,1,5.85799980163574
0,1,9,105,45,24,17,0,1,5.35200023651123
0,1,12,117,40,20,16,0,1,5.66599988937378
0,1,12,112,40,24,16,3.25,4,5.93499994277954
0,1,8,89,28,16,10,0,0,5.35699987411499
0,1,12,131,39,18,12,0,1,5.75899982452393
1,1,16,114,28,20,16,0.815999984741211,0,6.29699993133545
0,1,10,98,35,23,12,4.71199989318848,6,5.73699998855591
0,1,12,125,30,20,13,1.36099994182587,2,6.03999996185303
0,1,10,100,38,25,16,2.37800002098084,1,5.83799982070923
0,1,8,113,26,18,12,0,4,5.61700010299683
0,1,10,102,46,23,16,1,1,5.66300010681152
0,1,12,82,33,23,18,0.377999991178513,5,5.43800020217896
1,1,12,112,47,21,14,1.57500004768372,2,5.65199995040894
0,1,8,111,38,23,16,0,0,5.40299987792969
0,1,11,96,24,19,13,0,1,5.2979998588562
0,1,16,127,48,23,16,1.33299994468689,1,5.69399976730347
0,1,8,97,47,24,14,1,1,6.21500015258789
1,1,12,120,50,25,14,0.795000016689301,2,6.61999988555908
0,1,16,101,41,27,16,0.397000014781952,2,5.99100017547607
0,1,12,120,40,23,14,3.33299994468689,2,5.81099987030029
0,1,5,110,23,18,12,1.33299994468689,3,5.82000017166138
0,1,5,94,35,17,9,0,1,4.82800006866455
1,1,17,120,50,27,16,2.26099991798401,5,6.29199981689453
1,1,8,108,45,22,12,5.37799978256226,7,5.66300010681152
0,1,11,103,31,19,9,3.58299994468689,1,5.84600019454956
1,1,11,106,36,22,12,1,6,6.01599979400635
0,1,12,119,37,29,16,0.377999991178513,10,6.49200010299683
1,1,8,87,33,27,12,7.28200006484985,1,5.85799980163574
1,1,11,121,49,22,16,0,1,5.46400022506714
0,1,12,112,33,20,12,0,1,5.42500019073486
1,1,12,103,36,27,12,0,7,6.08199977874756
1,1,16,99,48,23,16,1.33299994468689,1,5.84600019454956
1,1,12,101,40,23,14,1.37800002098084,3,5.75899982452393
1,1,8,109,41,25,13,0.377999991178513,3,5.74900007247925
0,1,12,73,46,19,12,0,1,5.83500003814697
1,1,16,116,27,21,16,0.310999989509583,1,5.78399991989136
0,1,12,98,42,18,12,0,1,5.14200019836426
0,1,14,104,43,20,13,0.328000009059906,1,5.2979998588562
0,1,12,78,29,19,12,0,0,4.92000007629395
1,1,12,85,39,20,11,2.12800002098084,1,5.2979998588562
0,1,12,104,25,17,12,0.453000009059906,1,5.38000011444092
1,1,8,109,48,23,12,6.37799978256226,8,5.75899982452393
0,1,10,96,33,19,13,0,1,5.48099994659424
1,1,12,90,32,23,12,4.33300018310547,4,5.39400005340576
1,1,12,103,29,24,15,1.46200001239777,2,6.15299987792969
1,1,14,106,41,21,16,0.333000004291534,1,5.93499994277954
1,1,14,96,32,22,16,4.2350001335144,0,6.10500001907349
1,1,8,114,39,20,12,0.492000013589859,2,5.2979998588562
0,1,9,86,33,17,10,0.333000004291534,1,4.78700017929077
1,1,13,110,38,24,16,1.75300002098084,0,6.05200004577637
1,1,12,87,41,24,12,4.29500007629395,7,5.85200023651123
0,1,13,89,31,17,12,0,2,5.2979998588562
1,1,8,106,40,18,12,1.76900005340576,1,5.74300003051758
0,1,5,100,43,19,12,0.910000026226044,1,5.47599983215332
1,1,16,111,38,21,12,4.42799997329712,1,5.85799980163574
1,1,12,100,40,23,12,3.51500010490417,4,5.92700004577637
1,1,12,114,38,20,12,3.37800002098084,4,5.66300010681152
1,1,13,98,45,26,18,0,0,6.03299999237061
0,1,9,89,24,18,11,0.795000016689301,1,5.85799980163574
1,1,11,74,23,17,10,0.462000012397766,1,5.2979998588562
1,0,11,130,29,26,13,2.79500007629395,3,5.7039999961853
1,1,12,108,51,27,16,0.365000009536743,1,6.16499996185303
1,0,10,98,31,19,12,2.33299994468689,2,5.38899993896484
0,1,16,125,27,21,16,0.368999987840652,1,5.95300006866455
1,1,12,104,29,21,16,0,1,5.76200008392334
0,1,8,98,33,19,12,3,0,5.55700016021729
1,0,11,104,37,25,15,0,3,6.03299999237061
0,1,8,120,33,22,12,4.61700010299683,5,5.52099990844727
0,1,8,134,38,17,12,0,1,5.2979998588562
1,1,8,92,28,20,9,4.25,4,5.375
1,0,13,129,34,22,16,4.5479998588562,2,5.86600017547607
1,0,12,118,42,27,13,0,7,6.19199991226196
0,0,12,107,37,17,12,0.377999991178513,1,5.82000017166138
1,1,12,92,37,24,12,5.46099996566772,1,5.60599994659424
0,1,16,118,33,21,16,0.377999991178513,0,4.82800006866455
1,1,12,108,38,23,17,0.669000029563904,0,6.05200004577637
1,0,12,119,42,22,12,5.33300018310547,1,5.20900011062622
0,0,8,109,29,18,12,0.414000004529953,1,5.50099992752075
1,0,8,91,41,27,12,9.08600044250488,1,5.90799999237061
0,0,12,118,38,19,14,0,1,5.2979998588562
0,0,14,119,37,18,13,0,1,5.37099981307983
0,0,14,103,33,19,13,1.31400001049042,1,6.15899991989136
1,0,12,120,25,20,16,0,0,5.92700004577637
1,1,8,122,40,21,16,0,1,5.0939998626709
0,0,8,119,35,17,12,0.423000007867813,2,5.2979998588562
1,0,9,104,37,29,11,7.31799983978271,6,6.43800020217896
0,0,8,96,22,18,10,0.736999988555908,0,5.40299987792969
1,0,8,83,36,21,12,2.91400003433228,4,5.41599988937378
0,0,10,88,27,18,12,0.462000012397766,0,5.76800012588501
0,0,8,96,43,22,12,2.99499988555908,4,5.2979998588562
1,1,12,123,42,24,17,1.83299994468689,2,6.00899982452393
1,1,11,108,43,20,12,2.33299994468689,1,5.01100015640259
0,1,12,116,35,21,16,2.5,1,6.32299995422363
1,0,16,109,45,24,18,0.907999992370605,1,5.96600008010864
0,1,12,97,39,22,12,2.56800007820129,1,4.94199991226196
0,0,12,107,34,17,12,1,2,5.01100015640259
1,0,12,95,27,26,12,8.02700042724609,2,5.89400005340576
1,1,15,109,31,22,14,1.38399994373322,2,5.73999977111816
1,0,12,104,36,19,12,1.89999997615814,3,5.76800012588501
1,0,12,110,37,24,12,1.66700005531311,2,5.7039999961853
0,1,13,94,40,27,13,4.08799982070923,1,6.17600011825562
1,0,8,103,38,23,12,2.41599988937378,2,5.90000009536743
0,1,8,123,45,18,12,0,1,5.72700023651123
0,0,6,113,33,19,12,0.377999991178513,1,5.2979998588562
0,0,12,100,31,20,13,0,1,5.13600015640259
0,0,12,95,39,17,12,0,1,4.97700023651123
1,0,8,100,34,22,12,3.83100008964539,5,5.27299976348877
1,1,15,108,39,23,13,3.72499990463257,4,5.67000007629395
1,1,12,101,47,24,12,0.768999993801117,1,5.36100006103516
0,1,12,90,43,21,12,2.25,2,5.2979998588562
1,1,8,115,41,21,12,2.94000005722046,4,5.73699998855591
0,1,11,84,33,19,13,0.497000008821487,1,5.36100006103516
1,1,12,125,44,24,14,0,2,5.57200002670288
1,1,11,107,42,24,12,6.33300018310547,5,6.22900009155273
0,1,8,129,33,20,13,0,1,5.85799980163574
0,1,12,98,40,19,12,1.69200003147125,1,5.92700004577637
0,1,8,108,41,24,12,5.19000005722046,6,5.68400001525879
1,1,2,114,37,22,16,0.779999971389771,1,6.20499992370605
1,0,12,111,37,25,16,0,1,5.66300010681152
0,0,12,101,29,19,12,0.981000006198883,1,5.2979998588562
0,0,12,99,25,20,12,3.08299994468689,1,4.94899988174438
0,0,12,75,24,18,11,1.19200003147125,1,5.10599994659424
0,0,6,91,29,24,12,0,1,5.78700017929077
1,0,12,113,38,21,16,0,1,5.47200012207031
1,0,8,120,34,26,12,8.44400024414063,1,5.50099992752075
0,1,12,98,32,19,13,0.368999987840652,1,5.52099990844727
1,1,16,107,31,23,16,0.458000004291534,2,6.09800004959106
1,1,12,121,39,24,18,0.38400000333786,5,6.21500015258789
0,1,12,134,42,22,15,0,1,5.66300010681152
0,1,12,120,38,21,16,0.75,1,6.29699993133545
0,1,12,105,36,22,15,1.01999998092651,1,5.61700010299683
1,1,10,121,40,26,12,0,3,6.30100011825562
1,1,12,113,29,21,16,0.462999999523163,1,5.82299995422363
1,1,12,106,37,20,12,0,1,5.78399991989136
1,1,9,104,41,27,18,1.40799999237061,5,6.60300016403198
0,1,10,80,23,19,11,0,1,5.61700010299683
0,1,10,117,28,17,12,1,1,5.78399991989136
0,1,12,126,42,20,16,1.38499999046326,1,5.71400022506714
0,1,10,112,42,22,12,4.96099996566772,1,5.57999992370605
0,1,6,83,20,22,12,3.15599989891052,1,5.76200008392334
0,1,6,84,13,19,10,0,1,4.82800006866455
0,1,12,109,32,18,12,0.377999991178513,1,5.98899984359741
0,1,12,111,25,21,14,0,0,6.13100004196167
1,0,12,94,33,23,12,6.46199989318848,1,5.54899978637695
0,0,12,96,32,17,12,0,1,5.7039999961853
0,0,12,101,33,19,13,0.672999978065491,1,5.72399997711182
1,1,12,90,35,18,11,0,1,5.86899995803833
1,1,12,120,48,24,16,3.37800002098084,4,6.22499990463257
0,1,12,120,38,21,16,2.23099994659424,0,6.06599998474121
1,1,8,108,29,19,12,2.37800002098084,3,5.73699998855591
1,1,12,99,43,22,13,2.19000005722046,4,5.76200008392334
1,1,12,80,31,20,11,2.46199989318848,1,5.60200023651123
1,1,10,93,45,22,11,5.33300018310547,3,5.63100004196167
0,1,11,118,43,21,13,0.377999991178513,1,5.52099990844727
0,1,12,115,31,18,11,1,1,5.50500011444092
0,1,10,119,28,22,16,3.73900008201599,0,5.2979998588562
0,1,12,94,39,19,12,0,1,5.50099992752075
1,1,13,109,42,26,16,4.84200000762939,0,5.94299983978271
0,1,14,104,37,21,13,2.37800002098084,1,5.08099985122681
0,0,7,89,21,17,11,1.0900000333786,1,4.82800006866455
0,0,12,101,28,22,12,2.35400009155273,3,5.52099990844727
0,0,12,96,34,22,16,0,1,5.7039999961853
1,0,9,109,48,22,12,1.58299994468689,1,5.06300020217896
1,0,4,94,38,23,12,3.08299994468689,4,5.37099981307983
0,0,6,115,34,20,12,1.47300004959106,2,5.52099990844727
1,0,8,92,41,24,12,2.16100001335144,3,5.64900016784668
0,0,11,71,32,17,9,0.518999993801117,1,5.46000003814697
1,0,12,130,39,19,11,0,1,4.88299989700317
0,0,12,119,38,22,16,0.228000000119209,1,5.84600019454956
0,1,10,74,24,18,9,0.462000012397766,1,4.8600001335144
1,1,10,124,23,20,15,3.75399994850159,1,6.03299999237061
1,0,12,94,29,22,14,0.456999987363815,1,5.2979998588562
1,0,12,120,44,28,16,6.36299991607666,4,5.50099992752075
1,1,8,96,40,23,11,1.54499995708466,1,5.75899982452393
0,1,12,98,42,17,12,0.423000007867813,1,5.2979998588562
0,0,9,109,44,19,12,2.33299994468689,2,5.19799995422363
0,1,12,100,39,22,17,0,0,6.20100021362305
0,0,11,101,25,18,12,0.537999987602234,1,5.2519998550415
1,0,12,111,40,21,16,0.166999995708466,1,6.17399978637695
1,0,8,106,38,26,16,2.98099994659424,5,6.13299989700317
1,0,12,102,37,23,12,1.12800002098084,2,5.7039999961853
0,0,12,115,28,21,14,0.74099999666214,1,5.84600019454956
1,0,10,99,37,18,12,1.38699996471405,1,6.21500015258789
1,0,11,118,48,22,16,1.33299994468689,2,5.55700016021729
0,1,13,132,37,22,13,0,1,5.77799987792969
0,1,12,108,26,18,13,0.333000004291534,1,5.75899982452393
0,1,14,98,40,19,12,2.16599988937378,2,5.54500007629395
0,1,8,111,44,22,12,6.08300018310547,1,5.55299997329712
1,1,8,79,36,24,11,4.35599994659424,4,5.41200017929077
0,0,12,97,29,19,12,1,1,5.2979998588562
1,0,12,99,49,24,15,2.33299994468689,1,4.65399980545044
0,1,12,101,33,23,16,0,0,5.7039999961853
0,0,12,120,45,22,17,0,2,5.39400005340576
0,1,8,97,33,18,12,0.377999991178513,2,5.2979998588562
1,0,8,106,34,23,12,4.74700021743774,5,4.98999977111816
0,0,12,131,44,21,16,0.477999985218048,2,6.17600011825562
1,0,12,93,32,20,10,2.04500007629395,1,5.50099992752075
0,0,8,79,23,20,12,0.377999991178513,1,5.7039999961853
0,1,11,100,38,17,12,0.377999991178513,1,5.7039999961853
0,1,9,107,30,23,16,0.815999984741211,1,6.19600009918213
1,1,12,105,22,19,12,0.377999991178513,1,5.70699977874756
1,0,12,114,25,22,12,5.30200004577637,5,5.84100008010864
1,0,8,116,36,27,12,9.37800025939941,1,5.66300010681152
1,1,11,104,41,23,12,5.25,4,5.18200016021729
0,1,9,85,48,21,12,3.58299994468689,5,5.7039999961853
0,1,9,93,46,18,12,2.83299994468689,1,5.83500003814697
1,0,8,100,40,23,10,0,1,5.84600019454956
0,1,12,88,36,23,16,0.433999985456467,1,5.90000009536743
1,0,12,93,32,21,12,4.44399976730347,0,6.18400001525879
0,0,12,98,26,20,12,1.79499995708466,1,5.15299987792969
1,0,12,110,35,20,14,1.89199995994568,3,5.2979998588562
0,0,11,94,38,20,14,0.634999990463257,1,4.60500001907349
1,0,8,77,36,23,12,1.20099997520447,2,5.21999979019165
0,1,12,102,44,21,12,3.14199995994568,1,5.80499982833862
1,1,16,113,49,26,14,5.36899995803833,1,6.1399998664856
1,1,12,103,38,24,10,5.43400001525879,7,5.7039999961853
1,1,12,96,31,21,11,3.33299994468689,1,5.01100015640259
1,1,12,97,35,23,11,5.33300018310547,1,5.21999979019165
1,1,15,89,39,23,12,2.31699991226196,3,5.69399976730347
1,1,16,104,34,23,16,0.894999980926514,0,6.23000001907349
1,1,11,116,36,24,14,0,1,5.41599988937378
0,1,12,104,47,23,14,0,1,5.55700016021729
0,1,12,114,37,18,12,0.541000008583069,1,5.19299983978271
1,0,12,103,40,23,16,1.55299997329712,0,5.77099990844727
1,1,6,92,34,22,12,1.25,2,5.56500005722046
1,1,8,98,41,23,18,4.70599985122681,0,6.00099992752075
1,1,12,114,48,23,13,1.41700005531311,2,5.82000017166138
1,1,12,110,37,24,12,1.91700005531311,3,5.05000019073486
1,1,8,132,39,25,17,1.11300003528595,2,6.61499977111816
1,0,8,112,37,24,16,5.93200016021729,0,5.2979998588562
1,1,12,99,42,22,9,2.5,2,5.48099994659424
0,1,12,106,45,24,13,3.33299994468689,5,5.57200002670288
1,1,18,128,43,25,15,0.308999985456467,0,6.21500015258789
0,1,8,80,30,22,12,3.48600006103516,2,5.89400005340576
1,1,6,71,24,23,11,2.04299998283386,1,5.7039999961853
0,1,12,127,45,23,18,0.791999995708466,1,6.39900016784668
0,1,8,114,43,23,16,0,2,6.10900020599365
0,1,7,102,30,19,13,0.653999984264374,1,5.48099994659424
0,1,12,88,34,19,12,0.462000012397766,3,5.23099994659424
0,1,12,88,32,17,12,1,1,5.85799980163574
1,1,14,110,45,23,15,1.91600000858307,2,5.54899978637695
0,1,8,130,39,22,16,0,0,6.17600011825562
1,1,12,101,36,21,11,3.37800002098084,1,5.11199998855591
0,1,9,89,36,18,10,0.333000004291534,1,4.95599985122681
1,1,12,80,25,21,10,1.33299994468689,2,5.21999979019165
1,1,12,72,20,26,12,9.05799961090088,0,6.39699983596802
1,1,12,115,56,27,18,1.18900001049042,2,5.41200017929077
1,1,12,115,48,27,16,0.797999978065491,5,6.31500005722046
0,1,8,93,27,24,12,3.29500007629395,1,5.37099981307983
0,1,12,92,42,24,15,2.91599988937378,3,6.02299976348877
0,1,5,115,40,20,13,1.16400003433228,2,6.16300010681152
1,1,12,93,26,20,11,1.97500002384186,1,5.47200012207031
0,1,8,91,39,22,12,0.652999997138977,1,5.40700006484985
1,1,9,90,35,20,10,4.5,1,5.16499996185303
1,1,9,104,47,20,12,3.18199992179871,4,5.17000007629395
1,1,12,100,42,18,12,1.84800004959106,2,4.94199991226196
0,1,15,129,40,28,18,0,0,4.8899998664856
0,1,12,112,39,22,16,0.717000007629395,1,5.72700023651123
1,0,11,98,38,27,11,6.71700000762939,7,6.15500020980835
1,1,12,132,45,24,17,4.01900005340576,1,6.56699991226196
0,1,13,110,36,21,13,0,0,5.72700023651123
0,1,11,127,44,21,12,1.19099998474121,0,5.96400022506714
1,1,8,94,39,22,13,3.61999988555908,4,6.10900020599365
1,1,16,97,48,24,16,0,0,6.38700008392334
1,1,11,109,42,24,15,0.254999995231628,1,5.65199995040894
0,0,3,89,21,18,12,0,1,4.90500020980835
0,0,11,90,33,23,12,5.37799978256226,6,5.46000003814697
0,0,12,105,39,17,12,0,2,5.07499980926514
0,1,8,100,27,22,12,5.27500009536743,1,5.69000005722046
1,0,16,111,40,22,16,0.958000004291534,1,5.47200012207031
0,0,16,125,44,22,17,0,1,5.99100017547607
0,0,12,124,20,21,16,0,0,5.41599988937378
1,1,12,107,41,24,14,7.93400001525879,2,6.13600015640259
0,1,12,110,45,26,12,3.9909999370575,1,5.2979998588562
0,0,16,102,32,21,13,1.45500004291534,0,5.48099994659424
1,0,12,81,36,25,12,7.33300018310547,6,6.02299976348877
0,0,12,99,36,21,12,3.78399991989136,3,5.41599988937378
1,1,12,102,35,19,13,0,1,5.78399991989136
1,1,12,95,44,24,12,0,7,5.4210000038147
0,1,11,98,37,24,16,0.768999993801117,1,5.99100017547607
1,0,4,109,41,22,16,0.555999994277954,1,5.97900009155273
1,0,8,82,41,24,12,6.65500020980835,2,5.73299980163574
0,0,12,105,22,20,13,0,0,5.07499980926514
1,0,12,95,36,24,12,0,2,5.49300003051758
1,1,12,123,43,24,16,1.87199997901917,4,5.84100008010864
0,0,12,86,24,19,12,0,1,5.38899993896484
0,1,8,87,41,24,12,0,2,5.21500015258789
1,0,12,117,39,22,16,0.552999973297119,1,6.29199981689453
0,1,12,112,50,24,16,1.12800002098084,2,5.75899982452393
0,1,12,119,41,23,15,0,1,6.30999994277954
0,0,6,81,33,21,12,0.384999990463257,1,5.24700021743774
1,0,10,124,48,22,17,0.384999990463257,1,5.80800008773804
1,0,7,89,38,22,12,0,2,5.43800020217896
1,1,12,106,41,21,16,1.18900001049042,2,6.39699983596802
0,0,11,103,30,18,13,0.333000004291534,1,5.38000011444092
0,0,6,91,40,19,12,0.377999991178513,1,5.29300022125244
1,1,12,101,34,23,16,5.4060001373291,2,5.8289999961853
0,1,12,83,32,22,12,2.25,2,5.04300022125244
1,1,12,102,54,24,17,0.160999998450279,5,6.17600011825562
0,1,7,94,34,18,12,0.423000007867813,1,5.19299983978271
1,1,12,97,38,23,10,3.47499990463257,1,5.46000003814697
0,1,12,115,38,23,17,0,2,6.09100008010864
0,1,17,117,38,24,16,0.377999991178513,1,5.98600006103516
1,1,8,105,45,24,12,5.75600004196167,1,5.55700016021729
0,1,8,113,36,30,16,0.532999992370605,5,5.8289999961853
1,1,10,83,37,29,12,5.97399997711182,0,6.19399976730347
1,1,17,101,44,29,18,0.40599998831749,4,6.40700006484985
1,1,12,113,36,22,12,0,6,5.79300022125244
1,1,12,88,31,23,12,0.628000020980835,2,5.41599988937378
1,1,16,113,27,21,16,0.541000008583069,4,5.77799987792969
1,1,12,106,38,20,14,0,1,6.8439998626709
1,1,10,114,36,23,12,2.16599988937378,1,5.45100021362305
0,1,11,119,32,22,16,2.11299991607666,2,6.29300022125244
1,1,1,89,40,24,12,5.57999992370605,2,5.36100006103516
0,1,12,97,28,18,13,0.377999991178513,1,5.82000017166138
0,1,12,83,51,24,13,0.52700001001358,1,6.05700016021729
1,1,12,97,40,27,11,11.4440002441406,1,6.31899976730347
1,1,12,98,37,18,12,0,1,5.61700010299683
0,0,8,84,24,18,12,1.04499995708466,1,5.15299987792969
0,0,8,74,24,20,12,1.96399998664856,1,5.25699996948242
1,0,6,93,32,22,12,2.12800002098084,3,4.74499988555908
1,1,17,113,41,26,17,1.13399994373322,2,6.52500009536743
0,1,8,92,37,24,12,1.14499998092651,2,5.34200000762939
0,0,9,127,44,20,12,2.11100006103516,0,5.68699979782104
1,0,6,109,44,23,12,6.25,5,5.8289999961853
0,0,10,97,42,20,12,1.2059999704361,2,5.41599988937378
1,1,0,66,30,22,11,4.52500009536743,0,5.23600006103516
1,1,16,109,46,26,16,0.962000012397766,7,6.39400005340576
1,1,4,109,43,24,16,0.27700001001358,1,6.07100009918213
1,0,8,85,44,23,12,0,1,5.21999979019165
0,0,8,81,26,19,12,1.15400004386902,1,5.19299983978271
1,0,5,87,12,28,9,10.6090002059937,1,6.06400012969971
0,1,12,78,40,20,13,0.967999994754791,1,5.52099990844727
0,1,12,54,37,20,13,1,1,5.34700012207031
1,1,8,98,33,22,12,1.23300004005432,1,5.41599988937378
0,1,12,98,34,22,12,2.25,3,5.65199995040894
0,1,16,105,29,22,16,0.602999985218048,1,5.80499982833862
0,1,12,87,25,19,12,0,1,5.10599994659424
1,1,12,117,25,20,13,2.65000009536743,0,6.21500015258789
0,1,12,85,30,21,14,0,0,5.2979998588562
0,1,8,82,35,20,13,1.81700003147125,1,5.41599988937378
1,1,12,114,39,24,18,1.38100004196167,0,6.52400016784668
1,1,12,105,48,26,18,3.3199999332428,2,7.05100011825562
1,1,7,92,20,24,14,2.44899988174438,1,5.99100017547607
0,1,12,107,23,18,12,0,1,5.8289999961853
0,1,12,111,41,26,17,0,2,5.92700004577637
0,1,16,119,49,26,16,4.36299991607666,1,6.13600015640259
1,1,12,97,40,24,12,7.12799978256226,8,6.35599994659424
1,1,10,110,34,19,12,2.33299994468689,1,5.66599988937378
1,1,12,96,32,24,12,5.20100021362305,6,5.94299983978271
1,1,12,102,31,23,10,3.33299994468689,4,5.71999979019165
1,1,0,64,22,24,12,5.37799978256226,6,5.19799995422363
0,1,8,103,32,20,12,3,1,4.60500001907349
1,1,12,118,39,24,10,9.4980001449585,0,5.32299995422363
1,1,13,118,41,23,17,0,2,5.69700002670288
1,1,12,75,37,29,13,6.71999979019165,1,5.7039999961853
1,1,12,112,45,20,13,0,1,5.88600015640259
0,1,12,95,20,21,12,1.71200001239777,1,5.2979998588562
1,1,12,119,38,26,16,0,4,6.19399976730347
1,1,12,94,35,25,14,0.377999991178513,1,5.7039999961853
0,1,6,103,27,18,12,0,1,5.16499996185303
1,1,14,90,36,21,16,0.384999990463257,1,5.61700010299683
1,0,16,128,50,28,17,1.14499998092651,5,6.70599985122681
0,1,12,84,40,19,12,0.377999991178513,1,6.03999996185303
1,1,8,97,38,22,12,2.33299994468689,2,6.13600015640259
0,1,12,102,34,19,12,1.33299994468689,1,5.7039999961853
1,1,12,131,41,24,17,0.483999997377396,1,6.38399982452393
1,1,12,126,23,22,16,0.976999998092651,1,5.70699977874756
1,1,12,107,32,21,16,0.397000014781952,0,5.99100017547607
1,1,12,108,45,26,16,0.850000023841858,2,6.78599977493286
1,1,12,108,40,28,15,0,0,6.03999996185303
0,1,12,115,46,22,16,0.377999991178513,1,5.2979998588562
1,1,12,111,44,21,14,1.75,2,5.50099992752075
1,1,12,115,47,22,12,1.46200001239777,2,5.27299976348877
1,1,11,101,31,19,13,1,2,5.05000019073486
1,1,12,114,48,25,18,0.345999985933304,1,6.12200021743774
0,1,12,116,40,22,17,0,2,5.4210000038147
1,1,12,90,41,22,12,0,2,5.38000011444092
0,1,14,125,33,17,12,0,1,5.46400022506714
0,1,12,98,26,17,12,0.337000012397766,1,5.63800001144409
1,1,10,111,42,21,15,1.37399995326996,4,5.84899997711182
1,1,12,109,38,22,15,0.805999994277954,3,6.03800010681152
0,1,12,124,36,25,16,0.377999991178513,1,5.74300003051758
1,1,8,121,35,25,13,0.358000010251999,4,6.39699983596802
0,1,10,103,37,19,12,0,1,5.52099990844727
0,1,12,96,19,17,12,1,1,5.59800004959106
1,1,12,100,40,19,12,0,2,6.02099990844727
1,1,11,112,38,24,10,0,8,5.99900007247925
0,1,12,73,24,17,10,0,1,5.37099981307983
0,1,11,101,39,19,12,0,1,5.62799978256226
0,1,12,99,44,22,12,4.33300018310547,4,5.48099994659424
0,1,12,95,23,19,12,0.462000012397766,1,4.82800006866455
1,0,18,109,40,28,16,0,3,6.125
0,1,13,110,35,18,12,0,1,5.6729998588562
1,1,4,98,49,27,17,0,1,6.28200006484985
1,1,12,112,46,29,15,2.03699994087219,0,6.61999988555908
1,1,11,90,28,18,12,0,1,6.61999988555908
1,0,12,102,46,28,14,5.28200006484985,0,6.33300018310547
1,1,12,119,39,22,16,0.657999992370605,2,6.05200004577637
1,0,8,96,34,17,12,0.333000004291534,1,5.55299997329712
1,1,12,118,40,27,18,1.17999994754791,1,6.46299982070923
1,0,9,79,39,23,11,5.37799978256226,1,5.66300010681152
1,0,10,96,42,26,12,0,8,5.95800018310547
0,0,12,80,27,17,11,1.00600004196167,1,5.77799987792969
0,0,12,137,36,23,13,0.797999978065491,1,5.81400012969971
0,0,12,116,42,23,15,0.462000012397766,1,5.96400022506714
1,1,12,69,31,21,11,1.31700003147125,2,6.0310001373291
0,1,6,78,36,19,12,1.96099996566772,1,5.60599994659424
1,1,8,99,41,29,12,11.1099996566772,4,5.99399995803833
0,1,16,92,33,18,12,0.377999991178513,3,5.35200023651123
0,1,16,113,23,21,16,0,6,6.04300022125244
0,1,12,98,29,24,13,0,1,5.43400001525879
1,1,12,115,30,21,15,0.391999989748001,3,6.17199993133545
0,1,6,117,41,24,16,0,1,5.66300010681152
1,1,8,96,38,21,12,0,4,5.65899991989136
0,1,10,108,46,21,12,1.78299999237061,0,5.52099990844727
1,0,16,92,34,23,16,0.529999971389771,0,5.41200017929077
0,1,16,95,38,23,15,3.33299994468689,1,5.41599988937378
0,1,15,94,40,21,13,0.462000012397766,1,5.64499998092651
1,0,7,115,38,24,12,6.33300018310547,7,5.8439998626709
1,0,12,105,42,23,16,0.25,0,5.84600019454956
0,0,7,109,36,22,12,2.54500007629395,1,5.57600021362305
1,0,12,87,38,22,12,4.50899982452393,4,5.68400001525879
0,1,13,110,34,22,16,0.333000004291534,1,5.54099988937378
0,0,10,110,30,21,16,0.386999994516373,1,5.61700010299683
0,1,17,109,32,19,12,0.962000012397766,1,5.72700023651123
1,0,12,85,21,21,12,3.16599988937378,4,5.61700010299683
1,0,10,105,42,26,14,1.37800002098084,1,5.65199995040894
1,0,10,122,39,25,16,0.593999981880188,0,5.59499979019165
1,1,14,108,40,22,16,0,1,6.02099990844727
0,1,12,122,38,22,16,1.30900001525879,1,5.62400007247925
1,1,8,79,32,24,16,2.3970000743866,2,6.26300001144409
0,1,12,105,30,17,12,0,1,5.16499996185303
0,0,8,110,42,23,12,0,1,5.54899978637695
0,1,14,92,32,20,12,2.38700008392334,1,5.73000001907349
1,0,12,131,32,25,16,3.39499998092651,5,5.95300006866455
0,0,12,104,32,20,12,1.13100004196167,1,5.25699996948242
1,0,12,110,39,27,16,4.68200016021729,1,6.02799987792969
0,1,10,99,20,17,12,0.691999971866608,1,5.48099994659424
0,0,4,72,34,20,9,4.08300018310547,1,4.82800006866455
0,0,6,86,35,19,12,0.462000012397766,1,4.91300010681152
1,0,12,68,38,21,11,0,5,5.46000003814697
1,0,12,116,42,29,16,0.495000004768372,2,6.25400018692017
0,0,10,96,45,22,13,0,1,5.2979998588562
0,1,12,100,32,17,9,0,1,5.07499980926514
1,1,12,101,38,18,12,0,1,5.7810001373291
1,1,12,117,39,22,16,1.27499997615814,0,6.44399976730347
0,1,16,93,38,19,12,0,2,4.82800006866455
0,1,9,116,37,17,12,1,2,5.17600011825562
1,1,12,106,42,22,12,5.08300018310547,6,5.14200019836426
1,1,14,98,45,22,12,2.58299994468689,1,5.62400007247925
1,1,12,103,36,23,12,0,1,5.43800020217896
0,0,10,100,22,21,13,0,1,5.35200023651123
1,0,10,96,39,18,12,1.12999999523163,1,5.52099990844727
0,1,10,96,27,18,12,0.878000020980835,1,6.0310001373291
0,0,13,104,42,17,12,0,1,4.7960000038147
0,0,14,106,34,28,17,3.00099992752075,1,5.34700012207031
0,0,12,106,44,23,16,0.416999995708466,1,5.77799987792969
0,1,9,94,24,26,12,7.78599977493286,6,5.50099992752075
1,0,10,81,29,21,10,4.33300018310547,1,5.85799980163574
1,0,5,87,15,22,9,6.46199989318848,4,4.71799993515015
0,0,6,75,27,18,12,1,1,5.24700021743774
0,0,5,95,34,17,12,0.333000004291534,1,5.01100015640259
0,0,3,86,19,19,11,1,4,4.86800003051758
0,0,3,86,17,18,10,0.30799999833107,1,5.13600015640259
0,0,8,104,41,20,12,0,1,5.21999979019165
0,0,7,95,21,20,12,2.6010000705719,3,4.90500020980835
0,0,8,116,37,18,12,0.615000009536743,1,5.41599988937378
1,0,8,66,20,21,9,4.33300018310547,1,5.7039999961853
1,1,0,101,38,22,16,1.47500002384186,1,5.68400001525879
0,0,12,96,23,17,12,0,0,4.8899998664856
1,0,9,104,41,21,12,2.37800002098084,4,5.24700021743774
1,0,14,105,34,24,16,1.01300001144409,1,5.66300010681152
0,1,8,106,34,18,12,0,1,5.57999992370605
1,0,15,101,34,22,17,1.59700000286102,2,6.2519998550415
1,1,12,96,42,22,12,0.916000008583069,1,5.41599988937378
0,0,12,105,34,19,12,0,2,5.08099985122681
1,1,3,106,40,28,12,0.52700001001358,9,6.13100004196167
1,1,8,102,44,22,12,5.41699981689453,6,5.31300020217896
1,0,12,90,46,24,11,0,1,5.19299983978271
0,0,12,104,30,17,12,0.402999997138977,1,5.38000011444092
1,0,12,118,37,21,16,0.462000012397766,1,5.95300006866455
1,0,9,108,40,22,12,2.72499990463257,3,5.2979998588562
0,0,12,104,37,18,12,0.377999991178513,1,5.4850001335144
1,0,10,92,40,27,9,8.08800029754639,1,5.54099988937378
0,0,4,87,26,21,12,0.927999973297119,1,5.51700019836426
0,0,12,96,38,20,15,0,3,5.23600006103516
1,0,12,80,34,24,10,1.32200002670288,4,5.07499980926514
1,0,12,104,40,25,16,1.5110000371933,2,6.07100009918213
1,0,9,104,35,27,18,0,2,6.35799980163574
1,1,12,96,24,24,18,0.5,0,5.44199991226196
0,0,12,89,24,22,12,3.20600008964539,2,5.41599988937378
1,0,10,113,39,18,12,1.46200001239777,2,4.8600001335144
0,0,7,105,29,19,12,1.83299994468689,2,5.01100015640259
0,0,7,84,39,20,12,0,1,5.52099990844727
1,1,7,108,36,21,12,2.43400001525879,3,5.23099994659424
1,1,8,104,32,20,12,1.46200001239777,2,5.13600015640259
0,0,7,106,28,17,12,1,1,4.82800006866455
1,1,12,70,34,24,10,7.54500007629395,8,5.2979998588562
1,1,11,104,39,24,16,0.474999994039536,1,5.84600019454956
0,1,14,91,42,18,12,0,1,5.11199998855591
1,1,14,112,42,26,18,0.395000010728836,1,6.25400018692017
0,0,12,97,27,18,10,0.865000009536743,1,5.24700021743774
0,0,10,99,40,18,12,1.33299994468689,1,5.2979998588562
0,0,6,86,28,17,9,0.333000004291534,1,5.16499996185303
0,0,12,90,36,18,12,2.28900003433228,2,5.41599988937378
1,1,12,101,43,19,12,0,1,5.69399976730347
1,0,11,109,33,21,15,0,0,5.73000001907349
1,0,12,107,40,24,12,6.33300018310547,1,5.15299987792969
1,0,12,110,48,22,16,0.925999999046326,1,5.2979998588562
1,1,10,120,35,20,13,0,0,6.73099994659424
0,1,12,97,34,22,16,0.78600001335144,0,5.82000017166138
1,1,11,103,37,21,12,1.90600001811981,0,5.88100004196167
1,1,12,114,36,22,16,0.335999995470047,0,5.92700004577637
0,1,8,95,31,18,11,0,1,5.17600011825562
0,0,12,97,28,24,16,0.5,2,6.51200008392334
0,0,13,97,34,20,14,1.90799999237061,0,5.44199991226196
1,1,10,83,25,19,13,1,1,4.94199991226196
1,0,12,104,46,24,16,0,1,5.52899980545044
1,0,12,82,27,24,12,2.81699991226196,0,5.68699979782104
1,1,8,113,45,26,16,0,1,6.02299976348877
1,0,7,93,39,22,12,0.691999971866608,1,5.17600011825562
1,0,12,101,38,25,12,4.82800006866455,0,5.78399991989136
1,0,7,100,33,23,12,2.48900008201599,2,5.62799978256226
1,1,8,102,32,19,12,0.27700001001358,1,5.07499980926514
